[
    {
        "id": 1,
        "title": "Before Sunset",
        "startHour": "19:30",
        "numberOfSeats": 5,
        "seats": [
            {
                "number": 1,
                "isAvailable":0
            },
            {
                "number": 2,
                "isAvailable":0
            },
            {
                "number": 3,
                "isAvailable":1
            },
            {
                "number": 4,
                "isAvailable":1
            },
            {
                "number": 5,
                "isAvailable":1
            }
        ]
    },
    {
        "id": 2,
        "title": "Master and Commander: The Far Side of the World",
        "startHour": "11:30",
        "numberOfSeats": 5,
        "seats": [
            {
                "number": 1,
                "isAvailable":1
            },
            {
                "number": 2,
                "isAvailable":1
            },
            {
                "number": 3,
                "isAvailable":1
            },
            {
                "number": 4,
                "isAvailable":1
            },
            {
                "number": 5,
                "isAvailable":1
            }
        ]
    },
    {
        "id": 3,
        "title": "12 Angry Men",
        "startHour": "14:00",
        "numberOfSeats": 5,
        "seats": [
            {
                "number": 1,
                "isAvailable":1
            },
            {
                "number": 2,
                "isAvailable":1
            },
            {
                "number": 3,
                "isAvailable":1
            },
            {
                "number": 4,
                "isAvailable":1
            },
            {
                "number": 5,
                "isAvailable":1
            }
        ]
    },
    {
        "id": 4,
        "title": "School Ties",
        "startHour": "16:30",
        "numberOfSeats": 5,
        "seats": [
            {
                "number": 1,
                "isAvailable":1
            },
            {
                "number": 2,
                "isAvailable":1
            },
            {
                "number": 3,
                "isAvailable":1
            },
            {
                "number": 4,
                "isAvailable":1
            },
            {
                "number": 5,
                "isAvailable":1
            }
        ]
    }
]
