[
  {
    "id": "album1",
    "name": "Gembucket",
    "description": "Duis consequat dui nec nisi volutpat eleifend.",
    "tags": [
      "Warrior",
      "Kingsford",
      "Bashford",
      "Brickson Park",
      "Loftsgordon",
      "Jackson"
    ],
    "photosIds": [
      "photo18",
      "photo5",
      "photo12",
      "photo14",
      "photo3",
      "photo16",
      "photo8",
      "photo1",
      "photo10",
      "photo17",
      "photo2",
      "photo20",
      "photo19",
      "photo6",
      "photo7",
      "photo4",
      "photo13",
      "photo9",
      "photo11"
    ]
  }, 
  {
    "id": "album2",
    "name": "Wrapsafe",
    "description": "Praesent blandit lacinia erat.",
    "tags": [
      "Dryden",
      "Weeping Birch",
      "International"
    ],
    "photosIds": [
      "photo16",
      "photo12",
      "photo4",
      "photo14",
      "photo8",
      "photo11",
      "photo2",
      "photo5",
      "photo17",
      "photo1",
      "photo6",
      "photo18",
      "photo7",
      "photo20",
      "photo10",
      "photo13",
      "photo19",
      "photo3",
      "photo9",
      "photo15"
    ]
  }, 
  {
    "id": "album3",
    "name": "Andalax",
    "description": "In hac habitasse platea dictumst.",
    "tags": [
      "Merchant",
      "Lyons",
      "Merchant",
      "Meadow Ridge"
    ],
    "photosIds": [
      "photo15",
      "photo1"
    ]
  }, 
  {
    "id": "album4",
    "name": "Veribet",
    "description": "Aenean sit amet justo. Morbi ut odio.",
    "tags": [
      "Pankratz",
      "Magdeline",
      "Dennis"
    ],
    "photosIds": [
      "photo5",
      "photo19",
      "photo8",
      "photo13",
      "photo7",
      "photo2",
      "photo14",
      "photo20"
    ]
  }, 
  {
    "id": "album5",
    "name": "Konklab",
    "description": "Vestibulum quam sapien, varius ut, blandit non, interdum in, ante. Vestibulum ante ipsum primis in faucibus orci luctus et ultrices posuere cubilia Curae; Duis faucibus accumsan odio.",
    "tags": [
      "Vernon",
      "Lien",
      "Eliot",
      "Dwight",
      "Shasta"
    ],
    "photosIds": [
      "photo20",
      "photo3",
      "photo17",
      "photo9",
      "photo2",
      "photo7",
      "photo11",
      "photo4",
      "photo10",
      "photo15",
      "photo14",
      "photo16"
    ]
  }, 
  {
    "id": "album6",
    "name": "Zaam-Dox",
    "description": "Proin interdum mauris non ligula pellentesque ultrices. Phasellus id sapien in sapien iaculis congue.",
    "tags": [
      "Kipling",
      "Jenifer",
      "Badeau",
      "Mendota",
      "Riverside",
      "Gerald"
    ],
    "photosIds": [
      "photo17",
      "photo5",
      "photo4",
      "photo20",
      "photo3",
      "photo12",
      "photo2",
      "photo8",
      "photo15",
      "photo9",
      "photo10",
      "photo11",
      "photo18",
      "photo19"
    ]
  }, 
  {
    "id": "album7",
    "name": "Stim",
    "description": "Fusce congue, diam id ornare imperdiet, sapien urna pretium nisl, ut volutpat sapien arcu sed augue. Aliquam erat volutpat.",
    "tags": [
      "Dexter",
      "Talisman",
      "Mesta",
      "Pine View",
      "Northview"
    ],
    "photosIds": [
      "photo2",
      "photo15",
      "photo8",
      "photo1",
      "photo12",
      "photo7",
      "photo17",
      "photo19",
      "photo18",
      "photo5",
      "photo3"
    ]
  }, 
  {
    "id": "album8",
    "name": "Stronghold",
    "description": "Curabitur convallis. Duis consequat dui nec nisi volutpat eleifend.",
    "tags": [
      "Moose",
      "Spenser",
      "Monica",
      "Manufacturers",
      "Portage"
    ],
    "photosIds": [
      "photo16",
      "photo20",
      "photo13",
      "photo11",
      "photo1",
      "photo9",
      "photo2",
      "photo18",
      "photo3",
      "photo15",
      "photo17",
      "photo19",
      "photo5",
      "photo8",
      "photo7"
    ]
  }, 
  {
    "id": "album9",
    "name": "Mat Lam Tam",
    "description": "Cras in purus eu magna vulputate luctus. Cum sociis natoque penatibus et magnis dis parturient montes, nascetur ridiculus mus.",
    "tags": [
      "Eastwood",
      "Monterey"
    ],
    "photosIds": [
      "photo3",
      "photo5",
      "photo16",
      "photo4",
      "photo15",
      "photo12",
      "photo2",
      "photo19",
      "photo6",
      "photo10",
      "photo17",
      "photo8",
      "photo20",
      "photo13",
      "photo1"
    ]
  }, 
  {
    "id": "album10",
    "name": "Latlux",
    "description": "Morbi non quam nec dui luctus rutrum. Nulla tellus.",
    "tags": [
      "Pawling"
    ],
    "photosIds": [
      "photo13"
    ]
  }
]