[
    {
      "id": "photo1",
      "title": "Fright Night Part II",
      "description": "Nunc rhoncus dui vel sem.",
      "url": "https://source.unsplash.com/1600x900/?happy"
    },
    {
      "id": "photo2",
      "title": "The Detective 2",
      "description": "Nam ultrices, libero non mattis pulvinar, nulla pede ullamcorper augue, a suscipit nulla elit ac nulla.",
      "url": "https://source.unsplash.com/1600x900/?friends"
    },
    {
      "id": "photo3",
      "title": "Interpreter, The",
      "description": "Morbi ut odio.",
      "url": "https://source.unsplash.com/1600x900/?nature"
    },
    {
      "id": "photo4",
      "title": "Hot Rod",
      "description": "In hac habitasse platea dictumst.",
      "url": "https://source.unsplash.com/1600x900/?landscape"
    },
    {
      "id": "photo5",
      "title": "Grand Day Out with Wallace and Gromit, A",
      "description": "Etiam justo.",
      "url": "https://source.unsplash.com/1600x900/?vacations"
    },
    {
      "id": "photo6",
      "title": "Dara Ó Briain Talks Funny: Live in London",
      "description": "Nullam molestie nibh in lectus.",
      "url": "https://source.unsplash.com/1500x900/?happy"
    },
    {
      "id": "photo7",
      "title": "Planet Ocean",
      "description": "Etiam vel augue.",
      "url": "https://source.unsplash.com/1500x900/?friends"
    },
    {
      "id": "photo8",
      "title": "Zombie Island Massacre",
      "description": "Donec dapibus.",
      "url": "https://source.unsplash.com/1500x900/?nature"
    },
    {
      "id": "photo9",
      "title": "Buddies (Colegas)",
      "description": "Donec posuere metus vitae ipsum.",
      "url": "https://source.unsplash.com/1500x900/?landscape"
    },
    {
      "id": "photo10",
      "title": "Nick of Time",
      "description": "Aliquam non mauris.",
      "url": "https://source.unsplash.com/1500x900/?vacations"
    },
    {
      "id": "photo11",
      "title": "Quatermass and the Pit",
      "description": "Nam nulla.",
      "url": "https://source.unsplash.com/1400x900/?happy"
    },
    {
      "id": "photo12",
      "title": "Eight Days a Week",
      "description": "Morbi ut odio.",
      "url": "https://source.unsplash.com/1400x900/?friends"
    },
    {
      "id": "photo13",
      "title": "Plastic",
      "description": "Nulla neque libero, convallis eget, eleifend luctus, ultricies eu, nibh.",
      "url": "https://source.unsplash.com/1400x900/?nature"
    },
    {
      "id": "photo14",
      "title": "Deadbolt",
      "description": "Phasellus sit amet erat.",
      "url": "https://source.unsplash.com/1400x900/?landscape"
    },
    {
      "id": "photo15",
      "title": "Police Academy 2: Their First Assignment",
      "description": "Aliquam augue quam, sollicitudin vitae, consectetuer eget, rutrum at, lorem.",
      "url": "https://source.unsplash.com/1400x900/?vacations"
    },
    {
      "id": "photo16",
      "title": "Dance Flick",
      "description": "Praesent blandit lacinia erat.",
      "url": "https://source.unsplash.com/1300x900/?happy"
    },
    {
      "id": "photo17",
      "title": "Blackbeard's Ghost",
      "description": "Aenean sit amet justo.",
      "url": "https://source.unsplash.com/1300x900/?friends"
    },
    {
      "id": "photo18",
      "title": "Message to Garcia, A",
      "description": "Nulla tellus.",
      "url": "https://source.unsplash.com/1300x900/?nature"
    },
    {
      "id": "photo19",
      "title": "Ink",
      "description": "Maecenas leo odio, condimentum id, luctus nec, molestie sed, justo.",
      "url": "https://source.unsplash.com/1300x900/?landscape"
    },
    {
      "id": "photo20",
      "title": "Good Morning, Night (Buongiorno, notte)",
      "description": "Nulla neque libero, convallis eget, eleifend luctus, ultricies eu, nibh.",
      "url": "https://source.unsplash.com/1300x900/?vacations"
    }
]